ID_EMPLOYE;RESPONSABLE_EMPLOYE;NOM_EMPLOYE;PRENOM_EMPLOYE;COURRIEL_EMPLOYE;ADRESSE_RUE_EMPLOYE;ADRESSE_VILLE_EMPLOYE;ADRESSE_CP_EMPLOYE
100;;Steven;King;sking@entreprise.com;;;
101;100;Neena;Kochhar;nkochhar@entreprise.com;;;
102;100;Lex;De Haan;ldehaan@entreprise.com;;;
103;102;Alexander;Hunold;ahunold@entreprise.com;;;
104;103;Bruce;Ernst;bernst@entreprise.com;;;
105;103;David;Austin;daustin@entreprise.com;;;
106;103;Valli;Pataballa;vpatabal@entreprise.com;;;
107;103;Diana;Lorentz;dlorentz@entreprise.com;;;
108;101;Nancy;Greenberg;ngreenbe@entreprise.com;;;
109;108;Daniel;Faviet;dfaviet@entreprise.com;;;
110;108;John;Chen;jchen@entreprise.com;;;
111;108;Ismael;Sciarra;isciarra@entreprise.com;;;
112;108;Jose Manuel;Urman;jmurman@entreprise.com;;;
113;108;Luis;Popp;lpopp@entreprise.com;;;
114;100;Den;Raphaely;drapheal@entreprise.com;;;
115;114;Alexander;Khoo;akhoo@entreprise.com;;;
116;114;Shelli;Baida;sbaida@entreprise.com;;;
117;114;Sigal;Tobias;stobias@entreprise.com;;;
118;114;Guy;Himuro;ghimuro@entreprise.com;;;
119;114;Karen;Colmenares;kcolmena@entreprise.com;;;
120;100;Matthew;Weiss;mweiss@entreprise.com;;;
121;100;Adam;Fripp;afripp@entreprise.com;;;
122;100;Payam;Kaufling;pkauflin@entreprise.com;;;
123;100;Shanta;Vollman;svollman@entreprise.com;;;
124;100;Kevin;Mourgos;kmourgos@entreprise.com;;;
125;120;Julia;Nayer;jnayer@entreprise.com;;;
126;120;Irene;Mikkilineni;imikkili@entreprise.com;;;
127;120;James;Landry;jlandry@entreprise.com;;;
128;120;Steven;Markle;smarkle@entreprise.com;;;
129;121;Laura;Bissot;lbissot@entreprise.com;;;
130;121;Mozhe;Atkinson;matkinso@entreprise.com;;;
131;121;James;Marlow;jamrlow@entreprise.com;;;
132;121;TJ;Olson;tjolson@entreprise.com;;;
133;122;Jason;Mallin;jmallin@entreprise.com;;;
134;122;Michael;Rogers;mrogers@entreprise.com;;;
135;122;Ki;Gee;kgee@entreprise.com;;;
136;122;Hazel;Philtanker;hphiltan@entreprise.com;;;
137;123;Renske;Ladwig;rladwig@entreprise.com;;;
138;123;Stephen;Stiles;sstiles@entreprise.com;;;
139;123;John;Seo;jseo@entreprise.com;;;
140;123;Joshua;Patel;jpatel@entreprise.com;;;
141;124;Trenna;Rajs;trajs@entreprise.com;;;
142;124;Curtis;Davies;cdavies@entreprise.com;;;
143;124;Randall;Matos;rmatos@entreprise.com;;;
144;124;Peter;Vargas;pvargas@entreprise.com;;;
145;100;John;Russell;jrussel@entreprise.com;;;
146;100;Karen;Partners;kpartner@entreprise.com;;;
147;100;Alberto;Errazuriz;aerrazur@entreprise.com;;;
148;100;Gerald;Cambrault;gcambrau@entreprise.com;;;
149;100;Eleni;Zlotkey;ezlotkey@entreprise.com;;;
150;145;Peter;Tucker;ptucker@entreprise.com;;;
151;145;David;Bernstein;dbernste@entreprise.com;;;
152;145;Peter;Hall;phall@entreprise.com;;;
153;145;Christopher;Olsen;colsen@entreprise.com;;;
154;145;Nanette;Cambrault;ncambrau@entreprise.com;;;
155;145;Oliver;Tuvault;otuvault@entreprise.com;;;
156;146;Janette;King;jking@entreprise.com;;;
157;146;Patrick;Sully;psully@entreprise.com;;;
158;146;Allan;McEwen;amcewen@entreprise.com;;;
159;146;Lindsey;Smith;lsmith@entreprise.com;;;
160;146;Louise;Doran;ldoran@entreprise.com;;;
161;146;Sarath;Sewall;ssewall@entreprise.com;;;
162;147;Clara;Vishney;cvishney@entreprise.com;;;
163;147;Danielle;Greene;dgreene@entreprise.com;;;
164;147;Mattea;Marvins;mmarvins@entreprise.com;;;
165;147;David;Lee;dlee@entreprise.com;;;
166;147;Sundar;Ande;sande@entreprise.com;;;
167;147;Amit;Banda;abanda@entreprise.com;;;
168;148;Lisa;Ozer;lozer@entreprise.com;;;
169;148;Harrison;Bloom;hbloom@entreprise.com;;;
170;148;Tayler;Fox;tfox@entreprise.com;;;
171;148;William;Smith;wsmith@entreprise.com;;;
172;148;Elizabeth;Bates;ebates@entreprise.com;;;
173;148;Sundita;Kumar;skumar@entreprise.com;;;
174;149;Ellen;Abel;eabel@entreprise.com;;;
175;149;Alyssa;Hutton;ahutton@entreprise.com;;;
176;149;Jonathon;Taylor;jtaylor@entreprise.com;;;
177;149;Jack;Livingston;jlivings@entreprise.com;;;
178;149;Kimberely;Grant;kgrant@entreprise.com;;;
179;149;Charles;Johnson;cjohnson@entreprise.com;;;
180;120;Winston;Taylor;wtaylor@entreprise.com;;;
181;120;Jean;Fleaur;jfleaur@entreprise.com;;;
182;120;Martha;Sullivan;msulliva@entreprise.com;;;
183;120;Girard;Geoni;ggeoni@entreprise.com;;;
184;121;Nandita;Sarchand;nsarchan@entreprise.com;;;
185;121;Alexis;Bull;abull@entreprise.com;;;
186;121;Julia;Dellinger;jdelling@entreprise.com;;;
187;121;Anthony;Cabrio;acabrio@entreprise.com;;;
188;122;Kelly;Chung;kchung@entreprise.com;;;
189;122;Jennifer;Dilly;jdilly@entreprise.com;;;
190;122;Timothy;Gates;tgates@entreprise.com;;;
191;122;Randall;Perkins;rperkins@entreprise.com;;;
192;123;Sarah;Bell;sbell@entreprise.com;;;
193;123;Britney;Everett;beverett@entreprise.com;;;
194;123;Samuel;McCain;smccain@entreprise.com;;;
195;123;Vance;Jones;vjones@entreprise.com;;;
196;124;Alana;Walsh;awalsh@entreprise.com;;;
197;124;Kevin;Feeney;kfeeney@entreprise.com;;;
198;124;Donald;OConnell;doconnel@entreprise.com;;;
199;124;Douglas;Grant;dgrant@entreprise.com;;;
200;101;Jennifer;Whalen;jwhalen@entreprise.com;;;
201;100;Michael;Hartstein;mhartste@entreprise.com;;;
202;201;Pat;Fay;pfay@entreprise.com;;;
203;101;Susan;Mavris;smavris@entreprise.com;;;
204;101;Hermann;Baer;hbaer@entreprise.com;;;
205;101;Shelley;Higgins;shiggins@entreprise.com;;;
206;205;William;Gietz;wgietz@entreprise.com;;;
